period,flags,algorithm,max_eval,run_name,objective,obj_departure,iterations_performed,total_evaluations,final_control_points,total_runtime_seconds,f_mean,f_std,f_median,f_rms_vs_baseline,s_mean,s_std,s_median,s_rms_vs_baseline
Full [0-400],f-f-f-f-f,SBPLX,100000,config_011_f-f-f-f-f_36_1_100k_el_20260107-165607,-0.002223432973307,0.0,1,92428,36,28168.58,0.01537389797708046,0.009136613917175875,0.0110067777006575,0.0,0.25562657033912295,0.04050897060788095,0.2626767852893195,0.0
Full [0-400],f-f-f-f-f,SBPLX,50000,config_011_f-f-f-f-f_25_1_50k_el_20260106-192614,-0.002223433559002,5.856949998779559e-10,2,21614,25,24737.01,0.015374635367358377,0.009134292585162863,0.0110019378751445,8.508858828948585e-05,0.2555734191170611,0.04076348135934255,0.2625531220348216,0.003565937439113813
Full [0-400],f-f-f-f-f,SBPLX,100000,config_011_f-f-f-f-f_25_1_100k_el_20260107-165607,-0.002223433559062,5.857550000598621e-10,1,47166,25,16116.77,0.015374846354484384,0.00913439233269589,0.0110022636072152,8.588805037014159e-05,0.2555736798265775,0.04076296495744991,0.2625525214246788,0.003565677246684665
Full [0-400],f-f-f-f-f,SBPLX,50000,config_011_f-f-f-f-f_25_1_50k_el_3_20260106-192614,-0.002223433559678,5.863709999325006e-10,3,26480,25,27515.93,0.015375070082359815,0.00913413763603774,0.0109908866448647,8.593767209331233e-05,0.25557362878860346,0.0407627493727148,0.2625542964974218,0.0035656081787551167
Full [0-400],f-f-f-f-f,SBPLX,50000,config_011_f-f-f-f-f_25_1_50k_el_3_20260107-090148,-0.002223433559678,5.863709999325006e-10,3,26480,25,20385.56,0.015375070082359815,0.00913413763603774,0.0109908866448647,8.593767209331233e-05,0.25557362878860346,0.0407627493727148,0.2625542964974218,0.0035656081787551167
Full [0-400],f-f-f-f-f,BOBYQA,50000,config_011_f-f-f-f-f_25_1_50k_el_3_BOBYQA_20260106-192614,-0.0022234335665360003,5.932290002112761e-10,3,11082,25,15821.85,0.01537459039087673,0.009134567446938285,0.0109972380100249,8.393171789389335e-05,0.2555762544038897,0.040736157681464054,0.2625729184033908,0.0035518385709920374
Full [0-400],f-f-f-f-f,BOBYQA,50000,config_011_f-f-f-f-f_25_1_50k_el_3_BOBYQA_20260107-090148,-0.0022234335665360003,5.932290002112761e-10,3,11082,25,11240.02,0.01537459039087673,0.009134567446938285,0.0109972380100249,8.393171789389335e-05,0.2555762544038897,0.040736157681464054,0.2625729184033908,0.0035518385709920374
Full [0-400],f-f-f-f-f,BOBYQA,50000,config_011_f-f-f-f-f_25_1_50k_el_BOBYQA_20260106-192614,-0.00222343357376,6.00452999821588e-10,2,7282,25,11478.73,0.015373625417519092,0.009134676089412565,0.0109932233114818,8.42762189012753e-05,0.25550988151053694,0.040712287651317,0.2624915908882662,0.0035380607504536038
Full [0-400],f-f-f-f-f,SBPLX,50000,config_011_f-f-f-f-f_16_1_50k_el_20260106-192605,-0.0022234390975220003,6.124215000142402e-09,2,8926,16,13388.96,0.01537667072407517,0.009143394706440575,0.0112902033644706,0.0004274567838336778,0.25561423275751954,0.040767371373155885,0.2626326331704784,0.0036109408876807527
Full [0-400],f-f-f-f-f,SBPLX,50000,config_011_f-f-f-f-f_16_1_50k_el_3_20260106-192605,-0.002223439097676,6.124368999785301e-09,3,17367,16,21672.8,0.015376882025228128,0.00914304447382184,0.0112899109865384,0.00042742140505980963,0.2556142553922568,0.04076716681832795,0.2626328500797192,0.0036108413421306667
Full [0-400],f-f-f-f-f,SBPLX,50000,config_011_f-f-f-f-f_16_1_50k_el_3_20260107-090148,-0.002223439097676,6.124368999785301e-09,3,17367,16,15597.08,0.015376882025228128,0.00914304447382184,0.0112899109865384,0.00042742140505980963,0.2556142553922568,0.04076716681832795,0.2626328500797192,0.0036108413421306667
Full [0-400],f-f-f-f-f,SBPLX,100000,config_011_f-f-f-f-f_16_1_100k_el_20260107-165607,-0.002223439097746,6.124438999780685e-09,1,16729,16,6698.65,0.015377058216523461,0.009142659638789255,0.0112888206144572,0.00042695676442392686,0.25561451486540343,0.04076631998483782,0.2626323984100544,0.003610443794966254
Full [0-400],f-f-f-f-f,BOBYQA,50000,config_011_f-f-f-f-f_16_1_50k_el_BOBYQA_20260106-192605,-0.002223439200277,6.226969999963833e-09,2,9914,16,14798.56,0.015380508735581647,0.009139149682348469,0.0112908754427168,0.0004308580564473205,0.2557323263351219,0.03973810977119787,0.2626067451468948,0.0034074374760806247
Full [0-400],f-f-f-f-f,SBPLX,1000,config_011_f-f-f-f-f_10_1_1000_el_20260106-192126,-0.002223791276694,3.5830338699976635e-07,1,1000,10,496.07,0.015796303205561735,0.007889376245119198,0.0135326997379998,0.002520479623910175,0.2555123236232411,0.03519913009288426,0.262853000256506,0.012181896339766142
Full [0-400],f-f-f-f-f,BOBYQA,1000,config_011_f-f-f-f-f_10_1_1000_el_BOBYQA_20260106-192146,-0.002223791636781,3.5866347399991436e-07,1,1000,10,650.69,0.019461731958464373,0.013820508778114818,0.0149265679641795,0.014193541960762904,0.26215897788394443,0.013396379474564818,0.2612835728506619,0.039739261208140794
Full [0-400],f-f-f-f-f,BOBYQA,50000,config_011_f-f-f-f-f_16_1_50k_el_3_BOBYQA_20260106-192605,-0.002224094605505,6.616321980000041e-07,3,2933,16,5344.5,0.016401259612194095,0.007769782176442434,0.0144202167268799,0.0037097152197129277,0.2559491419846224,0.03365860135476654,0.2627515557254715,0.012683430219488763
Full [0-400],f-f-f-f-f,BOBYQA,50000,config_011_f-f-f-f-f_16_1_50k_el_3_BOBYQA_20260107-090148,-0.002224094605505,6.616321980000041e-07,3,2933,16,3392.13,0.016401259612194095,0.007769782176442434,0.0144202167268799,0.0037097152197129277,0.2559491419846224,0.03365860135476654,0.2627515557254715,0.012683430219488763
Full [0-400],f-f-f-f-f,SBPLX,100000,config_011_f-f-f-f-f_9_1_100k_el_20260107-165608,-0.0022241122881830003,6.79314876000231e-07,1,2701,9,1370.72,0.01624077823200196,0.007922859680185978,0.0144473939104166,0.003586774023841664,0.25542896438008855,0.035210667372523624,0.2627282485297001,0.012181608130724162
Full [0-400],f-f-f-f-f,SBPLX,320,config_011_f-f-f-f-f_5_1_320_el_20260107-090148,-0.00222471871082,1.2857375130000646e-06,1,320,5,487.45,0.016450704358770076,0.00749684769828704,0.0156656286224352,0.004435115551247406,0.2540526757084034,0.03607909874417154,0.2625081508750201,0.01505077267245133
Full [0-400],f-f-f-f-f,BOBYQA,320,config_011_f-f-f-f-f_5_1_320_el_BOBYQA_20260107-090148,-0.0022252202850740004,1.787311767000293e-06,1,320,5,492.14,0.021095843975418554,0.017969659954258744,0.0180480338583275,0.020295498503493048,0.2810001435555976,0.02872175679117509,0.270648825554568,0.0659758457845701
Full [0-400],f-f-t-f-f,SBPLX,100000,config_011_f-f-t-f-f_36_1_100k_el_20260107-165608,-0.002194632688232,0.0,1,95797,36,42709.7,0.02019901654300119,0.016996493125979995,0.0106126370907859,0.0,0.25575462237877256,0.04067020158248366,0.2624808976922882,0.0
Full [0-400],f-f-t-f-f,SBPLX,50000,config_011_f-f-t-f-f_25_1_50k_el_3_20260106-192614,-0.002194633176357,4.881249996216419e-10,3,30438,25,34806.28,0.020199847187095117,0.016995659034530385,0.0106196982750458,5.2481191162517776e-05,0.255702633222715,0.04092750767107664,0.2623539591383234,0.0035578414568336316
Full [0-400],f-f-t-f-f,SBPLX,50000,config_011_f-f-t-f-f_25_1_50k_el_3_20260107-090148,-0.002194633176357,4.881249996216419e-10,3,30438,25,26386.8,0.020199847187095117,0.016995659034530385,0.0106196982750458,5.2481191162517776e-05,0.255702633222715,0.04092750767107664,0.2623539591383234,0.0035578414568336316
Full [0-400],f-f-t-f-f,BOBYQA,50000,config_011_f-f-t-f-f_25_1_50k_el_BOBYQA_20260106-192614,-0.0021946331766669997,4.884349994772885e-10,2,10580,25,21615.23,0.020199461825851413,0.016997034983129333,0.0106177958907535,5.1302145052392004e-05,0.25571351242622836,0.04091904270100255,0.2623566664775213,0.0035555845648337207
Full [0-400],f-f-t-f-f,SBPLX,50000,config_011_f-f-t-f-f_25_1_50k_el_20260106-192614,-0.0021946331788150002,4.905830000047351e-10,2,32379,25,36069.05,0.020199903101746776,0.016995795802243183,0.0106189360595235,5.5932262306277447e-05,0.25570263333778825,0.04092711046545783,0.2623540152658217,0.003557647131930629
Full [0-400],f-f-t-f-f,SBPLX,100000,config_011_f-f-t-f-f_25_1_100k_el_20260107-165608,-0.002194633178875,4.906429997529604e-10,1,24883,25,13783.86,0.02019996286688404,0.016995929174993117,0.0106197584230629,5.5903758573288545e-05,0.2557026698939243,0.04092732740552483,0.2623540261899629,0.0035577488759043776
Full [0-400],f-f-t-f-f,BOBYQA,50000,config_011_f-f-t-f-f_25_1_50k_el_3_BOBYQA_20260106-192614,-0.002194633180286,4.920539999758722e-10,3,18295,25,28485.21,0.020203085874190674,0.01699355360986864,0.0106143933312536,6.17577652999217e-05,0.25572640920086975,0.04096855036052509,0.2623234601597255,0.0035862903160089237
Full [0-400],f-f-t-f-f,BOBYQA,50000,config_011_f-f-t-f-f_25_1_50k_el_3_BOBYQA_20260107-090148,-0.002194633180286,4.920539999758722e-10,3,18295,25,21240.52,0.020203085874190674,0.01699355360986864,0.0106143933312536,6.17577652999217e-05,0.25572640920086975,0.04096855036052509,0.2623234601597255,0.0035862903160089237
Full [0-400],f-f-t-f-f,SBPLX,100000,config_011_f-f-t-f-f_16_1_100k_el_20260107-165607,-0.002194634230548,1.5423159997404734e-09,1,14318,16,8679.05,0.020198869439815383,0.0169850667141634,0.0105758832310233,0.0003407601399024578,0.25574032090481646,0.04092861851492076,0.2625769748245578,0.0035974643867236248
Full [0-400],f-f-t-f-f,SBPLX,50000,config_011_f-f-t-f-f_16_1_50k_el_3_20260106-192605,-0.002194634231066,1.5428339998797835e-09,3,20112,16,29726.06,0.02019950893813451,0.01698453045034923,0.010574533992908,0.0003405039341147024,0.2557404983829638,0.040928516190070104,0.2625769536777731,0.0035974165175303016
Full [0-400],f-f-t-f-f,SBPLX,50000,config_011_f-f-t-f-f_16_1_50k_el_3_20260107-090148,-0.002194634231066,1.5428339998797835e-09,3,20112,16,21804.77,0.02019950893813451,0.01698453045034923,0.010574533992908,0.0003405039341147024,0.2557404983829638,0.040928516190070104,0.2625769536777731,0.0035974165175303016
Full [0-400],f-f-t-f-f,SBPLX,50000,config_011_f-f-t-f-f_16_1_50k_el_20260106-192605,-0.0021946342355509997,1.5473189994910652e-09,2,15769,16,27024.7,0.02019974270017143,0.01698449560211295,0.0105752130151437,0.0003395492163026592,0.2557404139771056,0.040928226151908415,0.2625760461061559,0.003597282022232936
Full [0-400],f-f-t-f-f,BOBYQA,50000,config_011_f-f-t-f-f_16_1_50k_el_BOBYQA_20260106-192605,-0.002194634608018,1.9197859998758282e-09,2,15746,16,26803.24,0.020716635859984855,0.01732511480813435,0.0108485151051745,0.005119082016518166,0.2557284968786959,0.04105079919959236,0.2626185510455314,0.0036583013808602475
Full [0-400],f-f-t-f-f,BOBYQA,50000,config_011_f-f-t-f-f_16_1_50k_el_3_BOBYQA_20260106-192605,-0.0021946348097220004,2.121490000166204e-09,3,6251,16,14957.18,0.020897067225097404,0.017675784949098872,0.0108483892523264,0.006590232889234145,0.25569401279417525,0.04113121679636709,0.2625500452537612,0.0037055342945860117
Full [0-400],f-f-t-f-f,BOBYQA,50000,config_011_f-f-t-f-f_16_1_50k_el_3_BOBYQA_20260107-090148,-0.0021946348097220004,2.121490000166204e-09,3,6251,16,10443.22,0.020897067225097404,0.017675784949098872,0.0108483892523264,0.006590232889234145,0.25569401279417525,0.04113121679636709,0.2625500452537612,0.0037055342945860117
Full [0-400],f-f-t-f-f,SBPLX,1000,config_011_f-f-t-f-f_10_1_1000_el_20260106-192126,-0.002194659268893,2.6580660999944022e-08,1,1000,10,1672.17,0.020346852735443215,0.016721040245699578,0.0112127221589004,0.0010394206679358797,0.25589447254098735,0.035698500781016475,0.2627359268819925,0.012005557298138502
Full [0-400],f-f-t-f-f,SBPLX,100000,config_011_f-f-t-f-f_9_1_100k_el_20260107-165607,-0.002194727569454,9.488122199984711e-08,1,2379,9,1889.64,0.02063455411953025,0.01702471442898035,0.0125628992763583,0.0019399987555960678,0.2558295645601549,0.03554588972902715,0.2627514101945077,0.012055971833625835
Full [0-400],f-f-t-f-f,BOBYQA,1000,config_011_f-f-t-f-f_10_1_1000_el_BOBYQA_20260106-192146,-0.002194733127827,1.0043959499999797e-07,1,1000,10,1842.58,0.02879104875158027,0.03172961625149778,0.012630607668995,0.03212441609564134,0.25717704985559053,0.033010182483302716,0.2628028574018631,0.035165046522132724
Full [0-400],f-f-t-f-f,BOBYQA,320,config_011_f-f-t-f-f_5_1_320_el_BOBYQA_20260107-090148,-0.002195498907213,8.662189809999742e-07,1,320,5,760.23,0.026785886233187874,0.019886356603487743,0.0212717679197052,0.01919615291632493,0.2588982714139998,0.01398008389481491,0.2603072281056892,0.035177551826252346
Full [0-400],f-f-t-f-f,SBPLX,320,config_011_f-f-t-f-f_5_1_320_el_20260107-090148,-0.002195618454246,9.85766013999849e-07,1,320,5,752.72,0.023332269055291063,0.013167383969851364,0.0209439413965316,0.008085675603057714,0.2553190992458224,0.03301316045620037,0.2630443493985427,0.016205161070175184
Full [0-400],t-f-f-f-f,SBPLX,100000,config_011_t-f-f-f-f_36_1_100k_el_20260107-165607,-0.0022383481564230002,0.0,1,75016,36,24291.77,0.016365752161734415,0.010255449005666308,0.0108725157297528,0.0,0.25570814716178863,0.04054406874483466,0.2628141509375879,0.0
Full [0-400],t-f-f-f-f,SBPLX,100000,config_011_t-f-f-f-f_25_1_100k_el_20260107-165607,-0.002238348682954,5.265309997899703e-10,1,27591,25,10635.72,0.016366957050274553,0.010254009857368152,0.0108749905326635,6.84694092139403e-05,0.25565675380139163,0.04079816973864028,0.2626670615647204,0.0035641356294936065
Full [0-400],t-f-f-f-f,SBPLX,50000,config_011_t-f-f-f-f_25_1_50k_el_20260106-192614,-0.0022383486855950003,5.291720000556721e-10,2,45163,25,34195.38,0.016367029544650046,0.010253473053512303,0.010879441123539,7.005645232358456e-05,0.2556569046825258,0.0407977150612491,0.2626667166961743,0.003563918178921894
Full [0-400],t-f-f-f-f,BOBYQA,50000,config_011_t-f-f-f-f_25_1_50k_el_BOBYQA_20260106-192614,-0.002238348688473,5.320499999773853e-10,2,7773,25,12063.83,0.016368990958649566,0.010253634493279866,0.010861874096393,7.389528459464877e-05,0.2557003149357124,0.04062772704721341,0.262616660426236,0.0034877889948652222
Full [0-400],t-f-f-f-f,BOBYQA,50000,config_011_t-f-f-f-f_25_1_50k_el_3_BOBYQA_20260106-192614,-0.002238348689113,5.32689999749314e-10,3,10152,25,15172.66,0.016366282354433572,0.010254411923119244,0.0108626807807119,6.690126863876853e-05,0.25570625081680504,0.040427321953593685,0.2627090464682511,0.0034244459387205986
Full [0-400],t-f-f-f-f,BOBYQA,50000,config_011_t-f-f-f-f_25_1_50k_el_3_BOBYQA_20260107-090148,-0.002238348689113,5.32689999749314e-10,3,10152,25,10822.77,0.016366282354433572,0.010254411923119244,0.0108626807807119,6.690126863876853e-05,0.25570625081680504,0.040427321953593685,0.2627090464682511,0.0034244459387205986
Full [0-400],t-f-f-f-f,SBPLX,50000,config_011_t-f-f-f-f_25_1_50k_el_3_20260106-192614,-0.0022383486902580003,5.338350000765046e-10,3,15428,25,20468.17,0.016367118751971523,0.010252766883005544,0.0108437361650885,6.935039659632404e-05,0.2556566617548139,0.040797871689914986,0.2626699456204429,0.003564075532207775
Full [0-400],t-f-f-f-f,SBPLX,50000,config_011_t-f-f-f-f_25_1_50k_el_3_20260107-090148,-0.0022383486902580003,5.338350000765046e-10,3,15428,25,14889.98,0.016367118751971523,0.010252766883005544,0.0108437361650885,6.935039659632404e-05,0.2556566617548139,0.040797871689914986,0.2626699456204429,0.003564075532207775
Full [0-400],t-f-f-f-f,SBPLX,50000,config_011_t-f-f-f-f_16_1_50k_el_20260106-192605,-0.0022383534842509998,5.327827999525997e-09,2,19151,16,23555.52,0.016367373163435655,0.010258711971416486,0.0110534436817072,0.0003950147307246299,0.2556956374245663,0.040802443766744606,0.2628044854636056,0.0036083539193133
Full [0-400],t-f-f-f-f,SBPLX,50000,config_011_t-f-f-f-f_16_1_50k_el_3_20260106-192605,-0.002238353484266,5.327842999679894e-09,3,21135,16,24855.59,0.01636771917311053,0.010257726214312939,0.0110521369708301,0.00039439279972969704,0.2556956980529952,0.040801104364051495,0.2628041005872897,0.0036077394436189653
Full [0-400],t-f-f-f-f,SBPLX,50000,config_011_t-f-f-f-f_16_1_50k_el_3_20260107-090148,-0.002238353484266,5.327842999679894e-09,3,21135,16,18305.49,0.01636771917311053,0.010257726214312939,0.0110521369708301,0.00039439279972969704,0.2556956980529952,0.040801104364051495,0.2628041005872897,0.0036077394436189653
Full [0-400],t-f-f-f-f,SBPLX,100000,config_011_t-f-f-f-f_16_1_100k_el_20260107-165607,-0.002238353484391,5.327967999950445e-09,1,12856,16,5465.43,0.01636749724893684,0.010258235225036001,0.0110518951765513,0.0003943034632358778,0.25569562307558236,0.040801648357275414,0.262804304640809,0.0036079861620476436
Full [0-400],t-f-f-f-f,BOBYQA,50000,config_011_t-f-f-f-f_16_1_50k_el_BOBYQA_20260106-192605,-0.0022383535087080004,5.3522850001867794e-09,2,12221,16,17474.57,0.016368051013251,0.01025714520864827,0.0110543406685209,0.0003963950065781896,0.2557669458309135,0.04042401521713345,0.2628181157501781,0.0034661631821215682
Full [0-400],t-f-f-f-f,BOBYQA,50000,config_011_t-f-f-f-f_16_1_50k_el_3_BOBYQA_20260106-192605,-0.0022383558597860002,7.703363000006319e-09,3,7866,16,12286.16,0.016428203589902657,0.010216425162910221,0.0110531987763694,0.0006042819027832724,0.2554345437189707,0.043309505955069855,0.2629609125785838,0.007072088858464704
Full [0-400],t-f-f-f-f,BOBYQA,50000,config_011_t-f-f-f-f_16_1_50k_el_3_BOBYQA_20260107-090148,-0.0022383558597860002,7.703363000006319e-09,3,7866,16,8483.49,0.016428203589902657,0.010216425162910221,0.0110531987763694,0.0006042819027832724,0.2554345437189707,0.043309505955069855,0.2629609125785838,0.007072088858464704
Full [0-400],t-f-f-f-f,SBPLX,1000,config_011_t-f-f-f-f_10_1_1000_el_20260106-192126,-0.002238503475132,1.5531870899967645e-07,1,1000,10,551.57,0.016646330010548497,0.010069856561844611,0.0129394520783187,0.0015059760416249704,0.2557246696057628,0.03543176521497608,0.262935793220994,0.012045216577634311
Full [0-400],t-f-f-f-f,BOBYQA,1000,config_011_t-f-f-f-f_10_1_1000_el_BOBYQA_20260106-192146,-0.002238575298607,2.2714218399959643e-07,1,1000,10,694.76,0.019729333823660367,0.01598769633707264,0.0146336301513053,0.015223216897725537,0.2571037989961737,0.03203826454993726,0.2634261739484371,0.034796328852556145
Full [0-400],t-f-f-f-f,SBPLX,100000,config_011_t-f-f-f-f_9_1_100k_el_20260107-165607,-0.002238913606848,5.654504249999297e-07,1,2900,9,1547.77,0.017096365493262967,0.009397702243977072,0.0150127915984354,0.0031603506399193832,0.25556541609602873,0.03527563827756061,0.2628802283575517,0.012159561454478647
Full [0-400],t-f-f-f-f,SBPLX,320,config_011_t-f-f-f-f_5_1_320_el_20260107-090148,-0.002239460058591,1.111902167999848e-06,1,320,5,512.58,0.01831245058969181,0.008442440015066631,0.0172725670337281,0.004862120905347989,0.2533287333279473,0.03706355992050944,0.262116277280829,0.015259317319644534
Full [0-400],t-f-f-f-f,BOBYQA,320,config_011_t-f-f-f-f_5_1_320_el_BOBYQA_20260107-090148,-0.002239614209044,1.2660526209997726e-06,1,320,5,512.38,0.020923409572953834,0.012523002514350666,0.0197819453493061,0.013547505881804244,0.27011858195387106,0.026585846787784185,0.2637211635207537,0.06269810024212304
Full [0-400],t-f-t-f-f,SBPLX,100000,config_011_t-f-t-f-f_36_1_100k_el_20260107-165607,-0.002202543256024,0.0,1,71967,36,40378.43,0.021788667999936038,0.020544230857785836,0.0105893530582256,0.0,0.2557731226499164,0.04076980857788794,0.2624652789119617,0.0
Full [0-400],t-f-t-f-f,SBPLX,100000,config_011_t-f-t-f-f_25_1_100k_el_20260107-165608,-0.002202543732091,4.76067000057534e-10,1,33732,25,21454.17,0.021790471136366674,0.020546019866788626,0.0105986884410328,5.0865804016252436e-05,0.2557211694522549,0.041026360112469434,0.2623385171078471,0.00355758779461223
Full [0-400],t-f-t-f-f,SBPLX,50000,config_011_t-f-t-f-f_25_1_50k_el_3_20260106-192614,-0.002202543741472,4.854479999406858e-10,3,36334,25,41098.07,0.02179053500891468,0.020545165775777887,0.0105994161744387,6.750207829591147e-05,0.25572112566685296,0.04102619053038016,0.2623385127615305,0.003557534919745552
Full [0-400],t-f-t-f-f,SBPLX,50000,config_011_t-f-t-f-f_25_1_50k_el_3_20260107-090148,-0.002202543741472,4.854479999406858e-10,3,36334,25,33876.85,0.02179053500891468,0.020545165775777887,0.0105994161744387,6.750207829591147e-05,0.25572112566685296,0.04102619053038016,0.2623385127615305,0.003557534919745552
Full [0-400],t-f-t-f-f,SBPLX,50000,config_011_t-f-t-f-f_25_1_50k_el_20260106-192614,-0.002202543747241,4.912169998018412e-10,2,47782,25,46379.17,0.02179043109312537,0.02054596597141693,0.0105990258347621,7.916633868726207e-05,0.2557211778935652,0.041026327069413455,0.2623384064966578,0.0035576364045151717
Full [0-400],t-f-t-f-f,SBPLX,100000,config_011_t-f-t-f-f_16_1_100k_el_20260107-165607,-0.002202545132329,1.8763049998253567e-09,1,16612,16,11642.25,0.02178861846434039,0.0205394561722113,0.0105286879511263,0.0003558470475411069,0.25575669981309307,0.041027224285552395,0.2625851024057739,0.003596891239372629
Full [0-400],t-f-t-f-f,SBPLX,50000,config_011_t-f-t-f-f_16_1_50k_el_3_20260106-192605,-0.002202545132402,1.876378000024992e-09,3,11739,16,25943.41,0.02178854608159028,0.020539348726569408,0.0105287089024283,0.0003556375392281839,0.2557567097703553,0.04102723477375928,0.2625850918635298,0.003596895962057423
Full [0-400],t-f-t-f-f,SBPLX,50000,config_011_t-f-t-f-f_16_1_50k_el_3_20260107-090148,-0.002202545132402,1.876378000024992e-09,3,11739,16,19060.15,0.02178854608159028,0.020539348726569408,0.0105287089024283,0.0003556375392281839,0.2557567097703553,0.04102723477375928,0.2625850918635298,0.003596895962057423
Full [0-400],t-f-t-f-f,SBPLX,50000,config_011_t-f-t-f-f_16_1_50k_el_20260106-192605,-0.002202545134551,1.8785269997531606e-09,2,19618,16,31765.19,0.021789912344585657,0.020538527084662105,0.0105283193398122,0.00035635393770429936,0.25575669224675807,0.04102672772682224,0.2625850320252125,0.003596659474217402
Full [0-400],t-f-t-f-f,BOBYQA,50000,config_011_t-f-t-f-f_25_1_50k_el_3_BOBYQA_20260106-192614,-0.0022025501057720003,6.849748000140737e-09,3,3192,25,10277.73,0.02263999650036647,0.020876711258232258,0.0110682219012506,0.006283994934649472,0.25670638239246146,0.03290673160799542,0.2626085970436564,0.01390573383958953
Full [0-400],t-f-t-f-f,BOBYQA,50000,config_011_t-f-t-f-f_25_1_50k_el_3_BOBYQA_20260107-090148,-0.0022025501057720003,6.849748000140737e-09,3,3192,25,7001.72,0.02263999650036647,0.020876711258232258,0.0110682219012506,0.006283994934649472,0.25670638239246146,0.03290673160799542,0.2626085970436564,0.01390573383958953
Full [0-400],t-f-t-f-f,BOBYQA,50000,config_011_t-f-t-f-f_25_1_50k_el_BOBYQA_20260106-192614,-0.0022025503056060003,7.049582000182714e-09,2,4507,25,13630.66,0.02315435749028087,0.021144675164669724,0.0113134049920821,0.008211070335221005,0.2558516881736393,0.03998122122407206,0.2620305805404604,0.00900384868178626
Full [0-400],t-f-t-f-f,BOBYQA,50000,config_011_t-f-t-f-f_16_1_50k_el_3_BOBYQA_20260106-192605,-0.002202551101817,7.845792999658374e-09,3,1860,16,6177.14,0.0227247550926601,0.02106520440005766,0.011015430887588,0.007142775444441456,0.256213889819115,0.03407579031079311,0.262651667176157,0.012840157561838646
Full [0-400],t-f-t-f-f,BOBYQA,50000,config_011_t-f-t-f-f_16_1_50k_el_3_BOBYQA_20260107-090148,-0.002202551101817,7.845792999658374e-09,3,1860,16,4228.46,0.0227247550926601,0.02106520440005766,0.011015430887588,0.007142775444441456,0.256213889819115,0.03407579031079311,0.262651667176157,0.012840157561838646
Full [0-400],t-f-t-f-f,BOBYQA,50000,config_011_t-f-t-f-f_16_1_50k_el_BOBYQA_20260106-192605,-0.002202566012721,2.2756696999894077e-08,2,1315,16,4793.86,0.02557628351338168,0.023022456935934396,0.0123510605227593,0.015437842475295692,0.25511755356105015,0.038999432395697635,0.2620619680482667,0.012779801711528881
Full [0-400],t-f-t-f-f,SBPLX,1000,config_011_t-f-t-f-f_10_1_1000_el_20260106-192126,-0.0022025769867450003,3.3730721000178876e-08,1,1000,10,2299.95,0.021662148848641465,0.020182028676858376,0.0108963264836055,0.0013588366013136265,0.2559042107337279,0.035830813910219174,0.2626320060445298,0.01199186200562409
Full [0-400],t-f-t-f-f,SBPLX,100000,config_011_t-f-t-f-f_9_1_100k_el_20260107-165607,-0.0022025885611310003,4.530510700016116e-08,1,2617,9,2437.64,0.022049052300939665,0.02064738600018073,0.011710120492595,0.0011335008495023668,0.2558604732686053,0.03567378092566667,0.2627789890002281,0.012046443950583473
Full [0-400],t-f-t-f-f,BOBYQA,1000,config_011_t-f-t-f-f_10_1_1000_el_BOBYQA_20260106-192146,-0.002202721798254,1.785422300000332e-07,1,1000,10,2620.02,0.02900386452547837,0.029241574845432546,0.0123222475428101,0.0265934674021953,0.258327265411576,0.021275817056349556,0.2617732397498915,0.031093486177787313
Full [0-400],t-f-t-f-f,SBPLX,320,config_011_t-f-t-f-f_5_1_320_el_20260107-090148,-0.0022033343057799998,7.910497559996538e-07,1,320,5,878.99,0.024125994052755687,0.01845435628644857,0.0168313511475333,0.006518556868092339,0.2554256196549116,0.03711304495771906,0.2640238297301973,0.014884970538112097
Full [0-400],t-f-t-f-f,BOBYQA,320,config_011_t-f-t-f-f_5_1_320_el_BOBYQA_20260107-090148,-0.002203392881087,8.496250629998724e-07,1,320,5,877.47,0.02841420756882583,0.022187135614231298,0.0208942418183969,0.018629544348237097,0.2594514568730258,0.022898892367117396,0.263855111250423,0.022931167508262337
Early [5-80],f-f-f-f-f,SBPLX,100000,config_011_f-f-f-f-f_36_1_100k_el_20260107-165607,-0.002223432973307,0.0,1,92428,36,28168.58,0.024108273287529743,0.007076609501007804,0.0248486370034203,0.0,0.2621027006776532,0.0020305072395160454,0.2624706651610429,0.0
Early [5-80],f-f-f-f-f,SBPLX,50000,config_011_f-f-f-f-f_25_1_50k_el_20260106-192614,-0.002223433559002,5.856949998779559e-10,2,21614,25,24737.01,0.024134362900358614,0.007111935165922841,0.0248473568419185,8.453123835612276e-05,0.2621089689368529,0.0020352149581588405,0.26247094592651654,1.5546809348931478e-05
Early [5-80],f-f-f-f-f,SBPLX,100000,config_011_f-f-f-f-f_25_1_100k_el_20260107-165607,-0.002223433559062,5.857550000598621e-10,1,47166,25,16116.77,0.02413443312022361,0.007112065720080252,0.02484738053058865,8.461666713510693e-05,0.26210898422815365,0.0020352086233987906,0.26247107155061966,1.5530840771799786e-05
Early [5-80],f-f-f-f-f,SBPLX,50000,config_011_f-f-f-f-f_25_1_50k_el_3_20260106-192614,-0.002223433559678,5.863709999325006e-10,3,26480,25,27515.93,0.02413448365542861,0.00711200982248978,0.02484754915889165,8.458857789481398e-05,0.2621090576061267,0.0020352674221175947,0.2624709923050715,1.5600982748974283e-05
Early [5-80],f-f-f-f-f,SBPLX,50000,config_011_f-f-f-f-f_25_1_50k_el_3_20260107-090148,-0.002223433559678,5.863709999325006e-10,3,26480,25,20385.56,0.02413448365542861,0.00711200982248978,0.02484754915889165,8.458857789481398e-05,0.2621090576061267,0.0020352674221175947,0.2624709923050715,1.5600982748974283e-05
Early [5-80],f-f-f-f-f,BOBYQA,50000,config_011_f-f-f-f-f_25_1_50k_el_3_BOBYQA_20260106-192614,-0.0022234335665360003,5.932290002112761e-10,3,11082,25,15821.85,0.024134448635784168,0.007110766774792747,0.02484889930032945,8.462899774104807e-05,0.26210694846231103,0.0020293639829702097,0.2624670629013274,1.556672792569756e-05
Early [5-80],f-f-f-f-f,BOBYQA,50000,config_011_f-f-f-f-f_25_1_50k_el_3_BOBYQA_20260107-090148,-0.0022234335665360003,5.932290002112761e-10,3,11082,25,11240.02,0.024134448635784168,0.007110766774792747,0.02484889930032945,8.462899774104807e-05,0.26210694846231103,0.0020293639829702097,0.2624670629013274,1.556672792569756e-05
Early [5-80],f-f-f-f-f,BOBYQA,50000,config_011_f-f-f-f-f_25_1_50k_el_BOBYQA_20260106-192614,-0.00222343357376,6.00452999821588e-10,2,7282,25,11478.73,0.024136821008535925,0.0071159691049372115,0.0248473155441119,8.710695087999353e-05,0.26210849974958084,0.0020352229614834716,0.26248941060299913,2.0599683564e-05
Early [5-80],f-f-f-f-f,SBPLX,50000,config_011_f-f-f-f-f_16_1_50k_el_20260106-192605,-0.0022234390975220003,6.124215000142402e-09,2,8926,16,13388.96,0.024051130660397147,0.0069854707457345,0.0247938932691123,0.00025759728452812484,0.26207938652734136,0.0020112091594627446,0.2624962756365782,6.974949824721477e-05
Early [5-80],f-f-f-f-f,SBPLX,50000,config_011_f-f-f-f-f_16_1_50k_el_3_20260106-192605,-0.002223439097676,6.124368999785301e-09,3,17367,16,21672.8,0.02405103840940445,0.006985548947215117,0.024793553345082153,0.00025771677080038604,0.26207942269147494,0.002011158737465012,0.2624966278706884,6.98095494619329e-05
Early [5-80],f-f-f-f-f,SBPLX,50000,config_011_f-f-f-f-f_16_1_50k_el_3_20260107-090148,-0.002223439097676,6.124368999785301e-09,3,17367,16,15597.08,0.02405103840940445,0.006985548947215117,0.024793553345082153,0.00025771677080038604,0.26207942269147494,0.002011158737465012,0.2624966278706884,6.98095494619329e-05
Early [5-80],f-f-f-f-f,SBPLX,100000,config_011_f-f-f-f-f_16_1_100k_el_20260107-165607,-0.002223439097746,6.124438999780685e-09,1,16729,16,6698.65,0.024051041561135876,0.006985374848699209,0.0247937554183205,0.0002582346876653393,0.26207936649741004,0.002011100236370394,0.262496821538157,6.997476632962426e-05
Early [5-80],f-f-f-f-f,BOBYQA,50000,config_011_f-f-f-f-f_16_1_50k_el_BOBYQA_20260106-192605,-0.002223439200277,6.226969999963833e-09,2,9914,16,14798.56,0.02405172669033364,0.0069799360768899935,0.024797254294135852,0.00025782479258162883,0.26207145247044056,0.002017450669935226,0.26248736879067147,7.596431762706059e-05
Early [5-80],f-f-f-f-f,SBPLX,1000,config_011_f-f-f-f-f_10_1_1000_el_20260106-192126,-0.002223791276694,3.5830338699976635e-07,1,1000,10,496.07,0.024490859191247934,0.007140595348456397,0.0271378739379982,0.0016893321942525262,0.26239624835284164,0.001845230418484618,0.2629771148163606,0.0009096117996771365
Early [5-80],f-f-f-f-f,BOBYQA,1000,config_011_f-f-f-f-f_10_1_1000_el_BOBYQA_20260106-192146,-0.002223791636781,3.5866347399991436e-07,1,1000,10,650.69,0.025708269915472915,0.008548450716310822,0.027585792290366,0.002725905430822018,0.26241018562782853,0.0021753661290771567,0.2634443964695453,0.0006468211879534599
Early [5-80],f-f-f-f-f,BOBYQA,50000,config_011_f-f-f-f-f_16_1_50k_el_3_BOBYQA_20260106-192605,-0.002224094605505,6.616321980000041e-07,3,2933,16,5344.5,0.025359721087316604,0.006983209591214001,0.0293282351625909,0.00406347856455348,0.2621854745740865,0.0018468537858103884,0.262758917603395,0.0008725994614107834
Early [5-80],f-f-f-f-f,BOBYQA,50000,config_011_f-f-f-f-f_16_1_50k_el_3_BOBYQA_20260107-090148,-0.002224094605505,6.616321980000041e-07,3,2933,16,3392.13,0.025359721087316604,0.006983209591214001,0.0293282351625909,0.00406347856455348,0.2621854745740865,0.0018468537858103884,0.262758917603395,0.0008725994614107834
Early [5-80],f-f-f-f-f,SBPLX,100000,config_011_f-f-f-f-f_9_1_100k_el_20260107-165608,-0.0022241122881830003,6.79314876000231e-07,1,2701,9,1370.72,0.025365967925766193,0.0070125693061748855,0.0291433863198755,0.004113951210307788,0.26219381909451295,0.001861070701017042,0.26274917415347915,0.0009168020475299475
Early [5-80],f-f-f-f-f,SBPLX,320,config_011_f-f-f-f-f_5_1_320_el_20260107-090148,-0.00222471871082,1.2857375130000646e-06,1,320,5,487.45,0.025917368512917878,0.0037441630760370135,0.027231995736708002,0.006421036985190013,0.26176892837020976,0.0025999344269842114,0.26275336468172766,0.0010836226932013253
Early [5-80],f-f-f-f-f,BOBYQA,320,config_011_f-f-f-f-f_5_1_320_el_BOBYQA_20260107-090148,-0.0022252202850740004,1.787311767000293e-06,1,320,5,492.14,0.025285443191631726,0.0035246603360606617,0.02652064661173455,0.006276658807854192,0.2610928931137199,0.0010914897201298754,0.26076152920032547,0.0031427694807431134
Early [5-80],f-f-t-f-f,SBPLX,100000,config_011_f-f-t-f-f_36_1_100k_el_20260107-165608,-0.002194632688232,0.0,1,95797,36,42709.7,0.051002030638616046,0.0034586341568678524,0.05164974516123975,0.0,0.26413297489652915,0.0017206329533093635,0.26420548352947293,0.0
Early [5-80],f-f-t-f-f,SBPLX,50000,config_011_f-f-t-f-f_25_1_50k_el_3_20260106-192614,-0.002194633176357,4.881249996216419e-10,3,30438,25,34806.28,0.05100091256755462,0.0034586674532147534,0.051657351061842646,6.805908376014824e-05,0.2641323595114795,0.001721323207595837,0.2642121024009009,1.6119723971443324e-05
Early [5-80],f-f-t-f-f,SBPLX,50000,config_011_f-f-t-f-f_25_1_50k_el_3_20260107-090148,-0.002194633176357,4.881249996216419e-10,3,30438,25,26386.8,0.05100091256755462,0.0034586674532147534,0.051657351061842646,6.805908376014824e-05,0.2641323595114795,0.001721323207595837,0.2642121024009009,1.6119723971443324e-05
Early [5-80],f-f-t-f-f,BOBYQA,50000,config_011_f-f-t-f-f_25_1_50k_el_BOBYQA_20260106-192614,-0.0021946331766669997,4.884349994772885e-10,2,10580,25,21615.23,0.05100304381375992,0.0034604395656937206,0.05167053143603685,6.858854937642168e-05,0.26413419729695586,0.0017207101237491763,0.26420668741414927,1.6570912853512153e-05
Early [5-80],f-f-t-f-f,SBPLX,50000,config_011_f-f-t-f-f_25_1_50k_el_20260106-192614,-0.0021946331788150002,4.905830000047351e-10,2,32379,25,36069.05,0.05100079733968438,0.0034617174836117028,0.0516401337265289,8.086512188619143e-05,0.26413232695838035,0.001721073516696813,0.2642008661581762,1.5572387224823582e-05
Early [5-80],f-f-t-f-f,SBPLX,100000,config_011_f-f-t-f-f_25_1_100k_el_20260107-165608,-0.002194633178875,4.906429997529604e-10,1,24883,25,13783.86,0.05100096316193381,0.0034616455870252662,0.051640151891442,8.088393057166186e-05,0.26413238009165735,0.0017210607700504563,0.26420083331326993,1.5595478125752815e-05
Early [5-80],f-f-t-f-f,BOBYQA,50000,config_011_f-f-t-f-f_25_1_50k_el_3_BOBYQA_20260106-192614,-0.002194633180286,4.920539999758722e-10,3,18295,25,28485.21,0.050999710960328654,0.0034527330066963595,0.051658477648763454,6.92921119368841e-05,0.264130540584057,0.00172553822369234,0.2642103709174246,1.792539019937869e-05
Early [5-80],f-f-t-f-f,BOBYQA,50000,config_011_f-f-t-f-f_25_1_50k_el_3_BOBYQA_20260107-090148,-0.002194633180286,4.920539999758722e-10,3,18295,25,21240.52,0.050999710960328654,0.0034527330066963595,0.051658477648763454,6.92921119368841e-05,0.264130540584057,0.00172553822369234,0.2642103709174246,1.792539019937869e-05
Early [5-80],f-f-t-f-f,SBPLX,100000,config_011_f-f-t-f-f_16_1_100k_el_20260107-165607,-0.002194634230548,1.5423159997404734e-09,1,14318,16,8679.05,0.05107455024394364,0.003481968833384472,0.0520125725427635,0.00037978718526425915,0.2641288416446256,0.001728897664806899,0.2641921068724039,5.742007242096615e-05
Early [5-80],f-f-t-f-f,SBPLX,50000,config_011_f-f-t-f-f_16_1_50k_el_3_20260106-192605,-0.002194634231066,1.5428339998797835e-09,3,20112,16,29726.06,0.05107335536734984,0.0034816112730794682,0.05201006434119945,0.0003788690488776979,0.26412879226870006,0.0017288188070840736,0.2641918809688035,5.7461041415018324e-05
Early [5-80],f-f-t-f-f,SBPLX,50000,config_011_f-f-t-f-f_16_1_50k_el_3_20260107-090148,-0.002194634231066,1.5428339998797835e-09,3,20112,16,21804.77,0.05107335536734984,0.0034816112730794682,0.05201006434119945,0.0003788690488776979,0.26412879226870006,0.0017288188070840736,0.2641918809688035,5.7461041415018324e-05
Early [5-80],f-f-t-f-f,SBPLX,50000,config_011_f-f-t-f-f_16_1_50k_el_20260106-192605,-0.0021946342355509997,1.5473189994910652e-09,2,15769,16,27024.7,0.051072633078504334,0.0034809083621766355,0.0520076290780926,0.00037761201603486423,0.2641290762912079,0.0017287324038196628,0.2641920954526691,5.743833934857402e-05
Early [5-80],f-f-t-f-f,BOBYQA,50000,config_011_f-f-t-f-f_16_1_50k_el_BOBYQA_20260106-192605,-0.002194634608018,1.9197859998758282e-09,2,15746,16,26803.24,0.051074611654424174,0.003472058700863795,0.0520385304909596,0.00038806607771394244,0.26413588390689224,0.0017341943002241796,0.2642013004561924,6.0856355534489004e-05
Early [5-80],f-f-t-f-f,BOBYQA,50000,config_011_f-f-t-f-f_16_1_50k_el_3_BOBYQA_20260106-192605,-0.0021946348097220004,2.121490000166204e-09,3,6251,16,14957.18,0.051082158079561346,0.0034761923024129175,0.052016277531993754,0.0003842764686112606,0.26412932633086894,0.0017275558449456577,0.2641959648986876,5.883308800760054e-05
Early [5-80],f-f-t-f-f,BOBYQA,50000,config_011_f-f-t-f-f_16_1_50k_el_3_BOBYQA_20260107-090148,-0.0021946348097220004,2.121490000166204e-09,3,6251,16,10443.22,0.051082158079561346,0.0034761923024129175,0.052016277531993754,0.0003842764686112606,0.26412932633086894,0.0017275558449456577,0.2641959648986876,5.883308800760054e-05
Early [5-80],f-f-t-f-f,SBPLX,1000,config_011_f-f-t-f-f_10_1_1000_el_20260106-192126,-0.002194659268893,2.6580660999944022e-08,1,1000,10,1672.17,0.050340085447012566,0.0035107023303167823,0.0509516198917495,0.0021321505800843002,0.2641758576240392,0.0014695553340637953,0.26422135869423613,0.00034682624320418883
Early [5-80],f-f-t-f-f,SBPLX,100000,config_011_f-f-t-f-f_9_1_100k_el_20260107-165607,-0.002194727569454,9.488122199984711e-08,1,2379,9,1889.64,0.052161284976405764,0.00558550118384794,0.0522209495600635,0.0025572324389373322,0.2642788384376904,0.001746194621936495,0.26439162152236473,0.00044551033069964045
Early [5-80],f-f-t-f-f,BOBYQA,1000,config_011_f-f-t-f-f_10_1_1000_el_BOBYQA_20260106-192146,-0.002194733127827,1.0043959499999797e-07,1,1000,10,1842.58,0.05017991397360471,0.0023804304937312224,0.0508118118171684,0.002094416080701027,0.26402991813581456,0.0022624910800594284,0.26346868204392104,0.001042342479329917
Early [5-80],f-f-t-f-f,BOBYQA,320,config_011_f-f-t-f-f_5_1_320_el_BOBYQA_20260107-090148,-0.002195498907213,8.662189809999742e-07,1,320,5,760.23,0.04605733397566847,0.005413735584093425,0.04571221486333575,0.00838129499022649,0.26350850324735203,0.0019062267908117418,0.26420829063470425,0.001802830156894176
Early [5-80],f-f-t-f-f,SBPLX,320,config_011_f-f-t-f-f_5_1_320_el_20260107-090148,-0.002195618454246,9.85766013999849e-07,1,320,5,752.72,0.04265971839522694,0.0022926543820081524,0.0428392931266358,0.009306287071121053,0.2635476892383438,0.0018599967277670802,0.26424946939029686,0.0018237284287010347
Early [5-80],t-f-f-f-f,SBPLX,100000,config_011_t-f-f-f-f_36_1_100k_el_20260107-165607,-0.0022383481564230002,0.0,1,75016,36,24291.77,0.029784608263640277,0.006242815724368816,0.031336690062567604,0.0,0.2629007479150165,0.0023527344206315482,0.26373129911331306,0.0
Early [5-80],t-f-f-f-f,SBPLX,100000,config_011_t-f-f-f-f_25_1_100k_el_20260107-165607,-0.002238348682954,5.265309997899703e-10,1,27591,25,10635.72,0.02977376290669824,0.006230176777910221,0.03133012095863065,6.926641704245725e-05,0.2628982388862897,0.0023510908996193227,0.26372970851706345,2.094578072544856e-05
Early [5-80],t-f-f-f-f,SBPLX,50000,config_011_t-f-f-f-f_25_1_50k_el_20260106-192614,-0.0022383486855950003,5.291720000556721e-10,2,45163,25,34195.38,0.02977393064543543,0.006230301777299279,0.0313306573577751,6.93171005238976e-05,0.26289831894974514,0.002351119904223984,0.26372970549286806,2.087728897521124e-05
Early [5-80],t-f-f-f-f,BOBYQA,50000,config_011_t-f-f-f-f_25_1_50k_el_BOBYQA_20260106-192614,-0.002238348688473,5.320499999773853e-10,2,7773,25,12063.83,0.02977438807069102,0.006233470535702136,0.0313258594847248,6.849010034283345e-05,0.2628967486916322,0.002339398422025703,0.26372745218685084,2.6607496506180663e-05
Early [5-80],t-f-f-f-f,BOBYQA,50000,config_011_t-f-f-f-f_25_1_50k_el_3_BOBYQA_20260106-192614,-0.002238348689113,5.32689999749314e-10,3,10152,25,15172.66,0.02977148887710171,0.006231569555511217,0.031335285698913945,7.225502934013314e-05,0.26289550462277067,0.0023542731214305536,0.2637197562648313,2.2111804176907346e-05
Early [5-80],t-f-f-f-f,BOBYQA,50000,config_011_t-f-f-f-f_25_1_50k_el_3_BOBYQA_20260107-090148,-0.002238348689113,5.32689999749314e-10,3,10152,25,10822.77,0.02977148887710171,0.006231569555511217,0.031335285698913945,7.225502934013314e-05,0.26289550462277067,0.0023542731214305536,0.2637197562648313,2.2111804176907346e-05
Early [5-80],t-f-f-f-f,SBPLX,50000,config_011_t-f-f-f-f_25_1_50k_el_3_20260106-192614,-0.0022383486902580003,5.338350000765046e-10,3,15428,25,20468.17,0.02977331815447673,0.006229783098183426,0.031330653083094254,6.989559707001284e-05,0.26289849207975086,0.002351257440298696,0.2637295030600537,2.0314981140665605e-05
Early [5-80],t-f-f-f-f,SBPLX,50000,config_011_t-f-f-f-f_25_1_50k_el_3_20260107-090148,-0.0022383486902580003,5.338350000765046e-10,3,15428,25,14889.98,0.02977331815447673,0.006229783098183426,0.031330653083094254,6.989559707001284e-05,0.26289849207975086,0.002351257440298696,0.2637295030600537,2.0314981140665605e-05
Early [5-80],t-f-f-f-f,SBPLX,50000,config_011_t-f-f-f-f_16_1_50k_el_20260106-192605,-0.0022383534842509998,5.327827999525997e-09,2,19151,16,23555.52,0.029770497673293463,0.006217522979703486,0.03125045128131055,0.00047847327938533793,0.26288671940645164,0.0023420662375828664,0.26386354421836467,0.00011994968753298278
Early [5-80],t-f-f-f-f,SBPLX,50000,config_011_t-f-f-f-f_16_1_50k_el_3_20260106-192605,-0.002238353484266,5.327842999679894e-09,3,21135,16,24855.59,0.029770602207714974,0.006217679003510023,0.0312502935972456,0.00047886878673466046,0.2628865502254943,0.00234194503830336,0.26386370383768976,0.0001202175092818259
Early [5-80],t-f-f-f-f,SBPLX,50000,config_011_t-f-f-f-f_16_1_50k_el_3_20260107-090148,-0.002238353484266,5.327842999679894e-09,3,21135,16,18305.49,0.029770602207714974,0.006217679003510023,0.0312502935972456,0.00047886878673466046,0.2628865502254943,0.00234194503830336,0.26386370383768976,0.0001202175092818259
Early [5-80],t-f-f-f-f,SBPLX,100000,config_011_t-f-f-f-f_16_1_100k_el_20260107-165607,-0.002238353484391,5.327967999950445e-09,1,12856,16,5465.43,0.029770610582749945,0.006217692427541585,0.0312501888065667,0.00047879026569794063,0.26288657178079883,0.0023419713024445724,0.2638636748153541,0.00012016142436951207
Early [5-80],t-f-f-f-f,BOBYQA,50000,config_011_t-f-f-f-f_16_1_50k_el_BOBYQA_20260106-192605,-0.0022383535087080004,5.3522850001867794e-09,2,12221,16,17474.57,0.02977025697866613,0.006219408271093071,0.03126665181781895,0.0004787022512375953,0.26288527965316805,0.0023399031692716734,0.2638574569933438,0.0001196731524199035
Early [5-80],t-f-f-f-f,BOBYQA,50000,config_011_t-f-f-f-f_16_1_50k_el_3_BOBYQA_20260106-192605,-0.0022383558597860002,7.703363000006319e-09,3,7866,16,12286.16,0.029772660553285195,0.006215494530584306,0.0312038886787791,0.0004793068607359408,0.2628884315007014,0.0023325145137093883,0.26388526487606756,0.00013553952420395838
Early [5-80],t-f-f-f-f,BOBYQA,50000,config_011_t-f-f-f-f_16_1_50k_el_3_BOBYQA_20260107-090148,-0.0022383558597860002,7.703363000006319e-09,3,7866,16,8483.49,0.029772660553285195,0.006215494530584306,0.0312038886787791,0.0004793068607359408,0.2628884315007014,0.0023325145137093883,0.26388526487606756,0.00013553952420395838
Early [5-80],t-f-f-f-f,SBPLX,1000,config_011_t-f-f-f-f_10_1_1000_el_20260106-192126,-0.002238503475132,1.5531870899967645e-07,1,1000,10,551.57,0.030818784080739715,0.00726237984867878,0.032947989525893395,0.0018050873554905774,0.2630686199795421,0.002453331527335645,0.2641792662622158,0.0003080100368045482
Early [5-80],t-f-f-f-f,BOBYQA,1000,config_011_t-f-f-f-f_10_1_1000_el_BOBYQA_20260106-192146,-0.002238575298607,2.2714218399959643e-07,1,1000,10,694.76,0.030988845113644158,0.007414722235383111,0.033214102783002894,0.0019876551543895424,0.26323559151353015,0.0024972131146704657,0.26435546605979576,0.0005302556925558372
Early [5-80],t-f-f-f-f,SBPLX,100000,config_011_t-f-f-f-f_9_1_100k_el_20260107-165607,-0.002238913606848,5.654504249999297e-07,1,2900,9,1547.77,0.03085806277974554,0.006631465945710063,0.03359071100753245,0.0038128382441521406,0.2630157312588474,0.002270485759829115,0.2637135222368816,0.0008429947976945787
Early [5-80],t-f-f-f-f,SBPLX,320,config_011_t-f-f-f-f_5_1_320_el_20260107-090148,-0.002239460058591,1.111902167999848e-06,1,320,5,512.58,0.029364664905643677,0.0030625514340534995,0.0304049476435473,0.005393154821437711,0.26208088482358016,0.0019688935223693346,0.2628244673082852,0.0010903218992619518
Early [5-80],t-f-f-f-f,BOBYQA,320,config_011_t-f-f-f-f_5_1_320_el_BOBYQA_20260107-090148,-0.002239614209044,1.2660526209997726e-06,1,320,5,512.38,0.029029107466736304,0.0030852273883830907,0.0300722434186039,0.005417991865466644,0.2625739345553574,0.002878934603340605,0.2636623571539757,0.0009419835809988863
Early [5-80],t-f-t-f-f,SBPLX,100000,config_011_t-f-t-f-f_36_1_100k_el_20260107-165607,-0.002202543256024,0.0,1,71967,36,40378.43,0.05955104976175574,0.006932503929586022,0.0634999804632338,0.0,0.26441550736720465,0.0021005125087662836,0.2644638728769373,0.0
Early [5-80],t-f-t-f-f,SBPLX,100000,config_011_t-f-t-f-f_25_1_100k_el_20260107-165608,-0.002202543732091,4.76067000057534e-10,1,33732,25,21454.17,0.059557090470759445,0.006939687971528108,0.06355458950564774,7.830463409136014e-05,0.26441424637203664,0.002100957217048271,0.2645024587177035,3.395373098193232e-05
Early [5-80],t-f-t-f-f,SBPLX,50000,config_011_t-f-t-f-f_25_1_50k_el_3_20260106-192614,-0.002202543741472,4.854479999406858e-10,3,36334,25,41098.07,0.05955557659777468,0.00693735780369913,0.0637327446955617,0.0001260914571363588,0.26441431872626425,0.0021018988108412314,0.26449621314290317,4.7782511564168336e-05
Early [5-80],t-f-t-f-f,SBPLX,50000,config_011_t-f-t-f-f_25_1_50k_el_3_20260107-090148,-0.002202543741472,4.854479999406858e-10,3,36334,25,33876.85,0.05955557659777468,0.00693735780369913,0.0637327446955617,0.0001260914571363588,0.26441431872626425,0.0021018988108412314,0.26449621314290317,4.7782511564168336e-05
Early [5-80],t-f-t-f-f,SBPLX,50000,config_011_t-f-t-f-f_25_1_50k_el_20260106-192614,-0.002202543747241,4.912169998018412e-10,2,47782,25,46379.17,0.05955738204108109,0.006939128950399452,0.06379469585794956,0.00015952248359664504,0.2644149392789276,0.0021006928850069314,0.2644613865925961,5.6668141141937324e-05
Early [5-80],t-f-t-f-f,SBPLX,100000,config_011_t-f-t-f-f_16_1_100k_el_20260107-165607,-0.002202545132329,1.8763049998253567e-09,1,16612,16,11642.25,0.05962799860680574,0.006936142388957169,0.06366992666501965,0.0003571130716407118,0.26440602346102776,0.002114526628166488,0.2645182611022975,8.264304614547796e-05
Early [5-80],t-f-t-f-f,SBPLX,50000,config_011_t-f-t-f-f_16_1_50k_el_3_20260106-192605,-0.002202545132402,1.876378000024992e-09,3,11739,16,25943.41,0.05962739850067399,0.006936121095986562,0.0636703679246691,0.00035663185833794444,0.2644060639501956,0.002114573732379908,0.264518183478813,8.260122113745744e-05
Early [5-80],t-f-t-f-f,SBPLX,50000,config_011_t-f-t-f-f_16_1_50k_el_3_20260107-090148,-0.002202545132402,1.876378000024992e-09,3,11739,16,19060.15,0.05962739850067399,0.006936121095986562,0.0636703679246691,0.00035663185833794444,0.2644060639501956,0.002114573732379908,0.264518183478813,8.260122113745744e-05
Early [5-80],t-f-t-f-f,SBPLX,50000,config_011_t-f-t-f-f_16_1_50k_el_20260106-192605,-0.002202545134551,1.8785269997531606e-09,2,19618,16,31765.19,0.05962758515835455,0.006938927349471236,0.06371759355329505,0.00035823842789587437,0.2644056949836957,0.0021141674341871915,0.2645119974454766,8.143955046805565e-05
Early [5-80],t-f-t-f-f,BOBYQA,50000,config_011_t-f-t-f-f_25_1_50k_el_3_BOBYQA_20260106-192614,-0.0022025501057720003,6.849748000140737e-09,3,3192,25,10277.73,0.05959833923681775,0.0070463493743053605,0.06377791997675945,0.0002766249860841762,0.2644235047002212,0.0021209123006699845,0.26464307087897093,0.000129399411450644
Early [5-80],t-f-t-f-f,BOBYQA,50000,config_011_t-f-t-f-f_25_1_50k_el_3_BOBYQA_20260107-090148,-0.0022025501057720003,6.849748000140737e-09,3,3192,25,7001.72,0.05959833923681775,0.0070463493743053605,0.06377791997675945,0.0002766249860841762,0.2644235047002212,0.0021209123006699845,0.26464307087897093,0.000129399411450644
Early [5-80],t-f-t-f-f,BOBYQA,50000,config_011_t-f-t-f-f_25_1_50k_el_BOBYQA_20260106-192614,-0.0022025503056060003,7.049582000182714e-09,2,4507,25,13630.66,0.05959451079317898,0.006972089509899828,0.06364953063084089,0.00016067179780544864,0.26441304102642527,0.002099955675308539,0.2645055092679889,8.077417708613242e-05
Early [5-80],t-f-t-f-f,BOBYQA,50000,config_011_t-f-t-f-f_16_1_50k_el_3_BOBYQA_20260106-192605,-0.002202551101817,7.845792999658374e-09,3,1860,16,6177.14,0.05968705933574072,0.006945059108408545,0.06362951724588856,0.0003968073914203342,0.2644105961556389,0.002156519214238248,0.264564435514806,0.00011631102511266256
Early [5-80],t-f-t-f-f,BOBYQA,50000,config_011_t-f-t-f-f_16_1_50k_el_3_BOBYQA_20260107-090148,-0.002202551101817,7.845792999658374e-09,3,1860,16,4228.46,0.05968705933574072,0.006945059108408545,0.06362951724588856,0.0003968073914203342,0.2644105961556389,0.002156519214238248,0.264564435514806,0.00011631102511266256
Early [5-80],t-f-t-f-f,BOBYQA,50000,config_011_t-f-t-f-f_16_1_50k_el_BOBYQA_20260106-192605,-0.002202566012721,2.2756696999894077e-08,2,1315,16,4793.86,0.0596983421060372,0.006667872491810915,0.0628029827053128,0.0007319379775026248,0.2644266077948236,0.0021801770693168562,0.26467087830204755,0.00018814343625364502
Early [5-80],t-f-t-f-f,SBPLX,1000,config_011_t-f-t-f-f_10_1_1000_el_20260106-192126,-0.0022025769867450003,3.3730721000178876e-08,1,1000,10,2299.95,0.058152791492829724,0.00864238100735382,0.0614239950135618,0.0029820337286532894,0.2644210546224469,0.0019514691543741987,0.26450466130479,0.0003906883062410841
Early [5-80],t-f-t-f-f,SBPLX,100000,config_011_t-f-t-f-f_9_1_100k_el_20260107-165607,-0.0022025885611310003,4.530510700016116e-08,1,2617,9,2437.64,0.06045726858362537,0.006715222852151949,0.06412651152483864,0.0013529927332576613,0.26457186134188415,0.0019702636836837644,0.26480588429894253,0.0005208882296895711
Early [5-80],t-f-t-f-f,BOBYQA,1000,config_011_t-f-t-f-f_10_1_1000_el_BOBYQA_20260106-192146,-0.002202721798254,1.785422300000332e-07,1,1000,10,2620.02,0.05874977360117637,0.007650337602595692,0.0615111967208656,0.001966739389091382,0.2641024780890758,0.002753361593765386,0.2638235733880473,0.0008710730343068497
Early [5-80],t-f-t-f-f,SBPLX,320,config_011_t-f-t-f-f_5_1_320_el_20260107-090148,-0.0022033343057799998,7.910497559996538e-07,1,320,5,878.99,0.05371421497332243,0.00966878248720146,0.0520455674615858,0.008645177353461026,0.26319044869032626,0.0024101766790646704,0.2641035605059915,0.0025257932799663944
Early [5-80],t-f-t-f-f,BOBYQA,320,config_011_t-f-t-f-f_5_1_320_el_BOBYQA_20260107-090148,-0.002203392881087,8.496250629998724e-07,1,320,5,877.47,0.05414084994588548,0.010195021072018683,0.052284376050192455,0.008747099906105374,0.26320943166959354,0.0021467358787563904,0.26402240026446355,0.002390022226549147
